{"cameraMode":{"drawMode":0,"name":"Shaded","section":"Shading Mode"},"sceneLighting":true,"audioPlay":false,"sceneViewState":{"showFog":true,"showMaterialUpdate":true,"showSkybox":true,"showFlares":true,"showImageEffects":true,"showParticleSystems":true},"in2DMode":false,"pivot":{"x":-0.07750888168811798,"y":0.02945229411125183,"z":0.9467270374298096},"rotation":{"x":-0.3828805983066559,"y":0.33997973799705508,"z":-0.15405568480491639,"w":-0.8450849056243897},"size":0.19908595085144044,"orthographic":false}