{"cameraMode":{"drawMode":0,"name":"Shaded","section":"Shading Mode"},"sceneLighting":true,"audioPlay":false,"sceneViewState":{"showFog":true,"showMaterialUpdate":true,"showSkybox":true,"showFlares":true,"showImageEffects":true,"showParticleSystems":true},"in2DMode":false,"pivot":{"x":1.1290479898452759,"y":0.2571343779563904,"z":1.6636602878570557},"rotation":{"x":-0.022102845832705499,"y":0.2530592679977417,"z":0.005564251448959112,"w":0.9674081802368164},"size":1.2683298587799073,"orthographic":false}