{"cameraMode":{"drawMode":0,"name":"Shaded","section":"Shading Mode"},"sceneLighting":false,"audioPlay":false,"sceneViewState":{"showFog":true,"showMaterialUpdate":false,"showSkybox":false,"showFlares":true,"showImageEffects":true,"showParticleSystems":true},"in2DMode":false,"pivot":{"x":0.0,"y":-0.016894837841391565,"z":-0.01590000092983246},"rotation":{"x":-0.10904280096292496,"y":-0.099136121571064,"z":0.010930025018751622,"w":-0.9890214800834656},"size":0.10091394931077957,"orthographic":false}