{"cameraMode":{"drawMode":0,"name":"Shaded","section":"Shading Mode"},"sceneLighting":false,"audioPlay":false,"sceneViewState":{"showFog":true,"showMaterialUpdate":false,"showSkybox":false,"showFlares":true,"showImageEffects":true,"showParticleSystems":true},"in2DMode":false,"pivot":{"x":0.0029312744736671449,"y":-0.11045393347740174,"z":0.08704036474227905},"rotation":{"x":0.11238966137170792,"y":0.056603752076625827,"z":-0.006409503519535065,"w":0.9920437335968018},"size":0.31255894899368288,"orthographic":false}